<?xml version="1.0" encoding="UTF-8"?>
<!DOCTYPE suite SYSTEM "http://testng.org/testng-1.0.dtd">

<suite name="HouPermitProject suite" verbose="2">
	<listeners>
		<listener class-name="com.qa.houpermitproject.listeners.ExtentReportListener" />
		<listener class-name="com.qa.houpermitproject.listeners.ScreenshotListener" />
	</listeners>
	
	<test name="Rythm - Apply Mechanical Permit Test">
		<classes>
			<class name="com.qa.houpermitproject.tests.Rythm_MechanicalPermitSubmitTest" />
		</classes>
	</test>
	
</suite>